Template_ID,Template_Name,Presentation_Type,Style_Category,Color_Palette,Typography_Pairing,Slide_Count,Aspect_Ratio,Complexity_Score,Included_Sections,Customizable_Elements,Animation_Style,Transition_Style,Best_For,Brand_Adaptability,Industry_Suitability
1,Executive Summary,Business Presentation,Minimalism + Swiss Style,Executive Navy,Modern Professional,8,16:9,Low,"Title,Agenda,Executive Summary,Key Metrics,Strategic Priorities,Timeline,Q&A,Thank You","Logo,Accent Color,Footer",Minimal,Fade,Board presentations,executive briefings,High,Finance;Tech;Consulting
2,Modern Startup Pitch,Investor Pitch,Trust & Authority + Minimalism,Startup Blue,Tech Startup,12,16:9,Medium,"Title,Problem,Solution,Market,Product,Business Model,Team,Ask,Q&A,Thank You","Company Logo,Brand Colors,Hero Image",Medium,Fade/Slide,Startup fundraising pitches,High,All Industries
3,Professional Training,Training Workshop,Accessible & Ethical,Training Grey,Modern Professional,25,16:9,Medium,"Welcome,Objectives,Content(5),Practice,Summary,Q&A,Resources,Thank You","Company Logo,Training Branding,Footer",Smooth Fade,Pause,Corporate training sessions,Medium,Corporate;Education;Healthcare
4,Product Showcase,Product Launch,Motion-Driven + Hero-Centric,Bold Brand Colors,Bold Statement,15,16:9,High,"Title,Hook,Problem,Solution,Features,Demo,Benefits,Pricing,CTA,Q&A,Thank You","Product Images,Brand Colors,Demo Videos",High,Slide,Product launches and announcements,Very High,Consumer Tech;SaaS;E-commerce
5,Quarterly Review,Quarterly Business Review,Data-Dense + Minimal,Professional Blue,Modern Professional,18,16:9,Low,"Title,Agenda,Quarter Highlights,Metrics(3),Challenges,Next Quarter,Goals,Q&A,Thank You","Company Logo,Quarter Data,Charts",Minimal,Push,Quarterly business reviews,High,All Industries
6,Creative Portfolio,Conference Talk,Storytelling-Driven + Motion-Driven,Creative Palette,Playful Creative,20,16:9,High,"Title,Story,Insights(4),Key Takeaway,Q&A,Contact","Portfolio Images,Brand Colors,Animations",High,Zoom,Creative presentations and talks,Very High,Design;Marketing;Entertainment
7,Case Study,Case Study,Trust & Authority + Minimalism,Case Study Blue,Modern Professional,12,16:9,Low,"Title,Client Challenge,Our Solution,Process(3),Results,Key Lessons,Q&A,Thank You","Client Logo,Before/After Images",Minimal,Fade,Client presentations and case studies,Medium,Consulting;Agency;B2B
8,All-Hands Meeting,Company Meeting,Social Proof-Focused,Vibrant Company Colors,Modern Professional,22,16:9,Medium,"Title,Leadership Update,Company News,Recognition(2),Upcoming Initiatives,Q&A,Thank You","Company Logo,Team Photos,Awards",Medium,Smooth Fade,Town halls and company meetings,Medium,All Industries
9,Technical Workshop,Technical Deep Dive,Minimal + Accessible & Ethical,Dark Technical,Developer Mono,35,16:9,Medium,"Title,Overview,Background,Architecture(3),Implementation(2),Demo,Best Practices,Q&A,Resources","Code Snippets,Architecture Diagrams",Smooth Fade,Pause,Technical training and workshops,Medium,Engineering;DevOps;Tech
10,Investor Update,Board Presentation,Trust & Authority + Minimalism,Executive Navy + Gold,Modern Professional,15,16:9,Low,"Title,Executive Summary,Financial Highlights,Strategic Update,Governance,Q&A,Thank You","Company Logo,Financial Charts,Board Materials",Minimal,Fade,Board meetings and investor updates,High,Finance;Public Companies
11,Design System,Design Review,Inclusive Design + Minimal,Design System Grey,Minimal Swiss,18,16:9,Medium,"Title,Overview,Principles,Components(4),Patterns,Usage,Q&A,Resources","Component Library,Brand Assets",Smooth Fade,Fade,Design system presentations,Very High,Design;Product;Engineering
12,Crisis Communication,Crisis Communication,Minimal + Direct,Crisis Alert Red,Modern Professional,6,16:9,Low,"Title,Current Status,Action Plan,Next Steps,Q&A,Contact","Crisis Logo,Communication Template",None,Fade only,Crisis communications and urgent updates,Medium,All Industries
13,Webinar Series,Customer Webinar,Conversion-Optimized + Trust,Webinar Brand,Modern Professional,20,16:9,Medium,"Title,Problem,Solution,Deep Dive,Demo,Key Takeaways,CTA,Q&A,Resources","Webinar Branding,Lead Magnet",Medium,Fade,Lead generation and thought leadership,High,Marketing;SaaS
14,Annual Kickoff,Company Kickoff,Hero-Centric + Trust,Kickoff Energy,Modern Professional + Bold Statement,25,16:9,High,"Title,Year in Review,Wins(3),Goals,Strategy,Timeline,Awards,Q&A,Thank You","Company Branding,Achievement Images",High,Zoom,Annual company kickoffs,Very High,All Industries
15,Customer Success,Customer Success Story,Storytelling-Driven + Trust,Success Green,Modern Professional,14,16:9,Low,"Title,Customer Intro,Challenge,Solution,Results,Key Takeaways,CTA,Q&A,Thank You","Customer Logo,Results Charts,Case Study",Minimal,Fade,Customer success stories and testimonials,High,SaaS;B2B Services
16,Strategic Planning,Strategic Planning Session,Trust & Authority + Data,Strategic Navy,Modern Professional,30,16:9,Medium,"Title,Current State,Analysis,Vision,Strategic Pillars(3),Timeline,Resource Allocation,Q&A,Next Steps","Strategic Diagrams,Planning Templates",Minimal,Fade,Strategy sessions and planning,High,Leadership;Management
17,Compliance Training,Compliance Training,Accessible & Ethical + Minimal,Compliance Blue,Modern Professional,22,16:9,Low,"Title,Overview,Requirements(3),Process,Consequences,Resources,Certification,Q&A","Compliance Checklists,Policy Documents",Minimal,Pause,Regulatory and compliance training,Low,Finance;Healthcare;Legal
18,Change Management,Change Management,Trust & Authority + Social Proof,Change Blue,Modern Professional,20,16:9,Medium,"Title,Change Vision,Current State,Future State,Impact,Q&A,Support Resources,Timeline","Change Journey Map,Support Assets",Smooth Fade,Fade,Organizational change communications,Medium,HR;Change Management
19,Product Demo,Product Demo,Interactive Demo + Hero-Ccentric,Product Demo Brand,Bold Statement,12,16:9,High,"Title,Introduction,Demo(3),Key Features,Q&A,Contact","Product Screenshots,Demo Environment",High,Zoom,Software demonstrations and tutorials,High,SaaS;Tech Companies
20,Innovation Workshop,Innovation Workshop,Inclusive Design + Creative,Innovation Palette,Playful Creative,25,16:9,Medium,"Title,Challenge,Ideation(2),Evaluation,Prototyping,Next Steps,Resources","Idea Cards,Voting Tools,Canvas",High,Smooth Fade,Innovation sessions and design thinking,Medium,Innovation;R&D;Product
